
{
    "region" : "eu-central-1",
    "configuration" : "Debug",
    "framework"     : "net6.0",
    "self-contained" : true,
    "application"    : "barapp",
    "environment"    : "barapp-dev",
    "enable-xray"    : false,
    "enhanced-health-type" : "enhanced",
    "additional-options"   : "\"aws:autoscaling:launchconfiguration,SecurityGroups\"=\"sg-0379fde252471f79f\";\"aws:ec2:vpc,Subnets\"=\"subnet-04374e7f7b7386ffe\"",
    "solution-stack"       : "64bit Amazon Linux 2 v2.5.1 running .NET Core",
    "environment-type"     : "SingleInstance",
    "cname"                : "barapp-dev",
    "instance-type"        : "t2.micro",
    "key-pair"             : "",
    "instance-profile"     : "aws-elasticbeanstalk-ec2-role",
    "service-role"         : "aws-elasticbeanstalk-service-role",
    "proxy-server"         : "nginx"
}